区域,日期类型,小时序号,时段,时段类别,调度前负荷_kW,最大允许负荷_kW,调度前负荷率_raw,调度前负荷率_pct,调度前安全裕度_kW
1,工作日,0,00-01,低谷,127,2017,0.06296479921,6.296479921,1890
1,工作日,1,01-02,低谷,75,2023,0.03707365299,3.707365299,1948
1,工作日,2,02-03,低谷,71,2039,0.03482099068,3.482099068,1968
1,工作日,3,03-04,低谷,19,2046,0.009286412512,0.9286412512,2027
1,工作日,4,04-05,低谷,24,2058,0.01166180758,1.166180758,2034
1,工作日,5,05-06,低谷,187,2517,0.07429479539,7.429479539,2330
1,工作日,6,06-07,低谷,499,3529,0.14139983,14.139983,3030
1,工作日,7,07-08,平段,983,4038,0.2434373452,24.34373452,3055
1,工作日,8,08-09,平段,789,4042,0.1952003958,19.52003958,3253
1,工作日,9,09-10,平段,652,3857,0.1690432979,16.90432979,3205
1,工作日,10,10-11,平段,668,3863,0.172922599,17.2922599,3195
1,工作日,11,11-12,高峰,1083,4276,0.2532740879,25.32740879,3193
1,工作日,12,12-13,高峰,1322,4589,0.2880801918,28.80801918,3267
1,工作日,13,13-14,高峰,972,4298,0.2261516985,22.61516985,3326
1,工作日,14,14-15,平段,846,4015,0.2107098381,21.07098381,3169
1,工作日,15,15-16,平段,782,3822,0.2046049189,20.46049189,3040
1,工作日,16,16-17,高峰,1501,4537,0.3308353538,33.08353538,3036
1,工作日,17,17-18,高峰,2221,5049,0.4398890869,43.98890869,2828
1,工作日,18,18-19,高峰,1945,4856,0.4005354201,40.05354201,2911
1,工作日,19,19-20,高峰,1744,4563,0.3822046899,38.22046899,2819
1,工作日,20,20-21,高峰,1210,4078,0.2967140755,29.67140755,2868
1,工作日,21,21-22,高峰,736,3587,0.2051853917,20.51853917,2851
1,工作日,22,22-23,高峰,495,3096,0.1598837209,15.98837209,2601
1,工作日,23,23-00,未分类固定,255,2519,0.1012306471,10.12306471,2264
1,周末,0,00-01,低谷,189,2017,0.09370352008,9.370352008,1828
1,周末,1,01-02,低谷,129,2023,0.06376668314,6.376668314,1894
1,周末,2,02-03,低谷,57,2039,0.02795487984,2.795487984,1982
1,周末,3,03-04,低谷,67,2046,0.03274682307,3.274682307,1979
1,周末,4,04-05,低谷,2,2058,0.0009718172983,0.09718172983,2056
1,周末,5,05-06,低谷,123,2517,0.04886769964,4.886769964,2394
1,周末,6,06-07,低谷,291,3529,0.08245962029,8.245962029,3238
1,周末,7,07-08,平段,474,4038,0.117384844,11.7384844,3564
1,周末,8,08-09,平段,594,4042,0.146956952,14.6956952,3448
1,周末,9,09-10,平段,727,3857,0.1884884625,18.84884625,3130
1,周末,10,10-11,平段,860,3863,0.2226249029,22.26249029,3003
1,周末,11,11-12,高峰,953,4276,0.2228718428,22.28718428,3323
1,周末,12,12-13,高峰,1096,4589,0.2388319895,23.88319895,3493
1,周末,13,13-14,高峰,1182,4298,0.2750116333,27.50116333,3116
1,周末,14,14-15,平段,1304,4015,0.3247820672,32.47820672,2711
1,周末,15,15-16,平段,1212,3822,0.31711146,31.711146,2610
1,周末,16,16-17,高峰,1089,4537,0.2400264492,24.00264492,3448
1,周末,17,17-18,高峰,945,5049,0.1871657754,18.71657754,4104
1,周末,18,18-19,高峰,855,4856,0.1760708402,17.60708402,4001
1,周末,19,19-20,高峰,730,4563,0.1599824677,15.99824677,3833
1,周末,20,20-21,高峰,607,4078,0.1488474743,14.88474743,3471
1,周末,21,21-22,高峰,486,3587,0.1354892668,13.54892668,3101
1,周末,22,22-23,高峰,372,3096,0.1201550388,12.01550388,2724
1,周末,23,23-00,未分类固定,236,2519,0.09368797142,9.368797142,2283
2,工作日,0,00-01,低谷,139,1816,0.07654185022,7.654185022,1677
2,工作日,1,01-02,低谷,72,1822,0.03951701427,3.951701427,1750
2,工作日,2,02-03,低谷,18,1838,0.009793253536,0.9793253536,1820
2,工作日,3,03-04,低谷,15,1845,0.008130081301,0.8130081301,1830
2,工作日,4,04-05,低谷,63,1859,0.03388918774,3.388918774,1796
2,工作日,5,05-06,低谷,245,2268,0.1080246914,10.80246914,2023
2,工作日,6,06-07,低谷,439,3277,0.1339639915,13.39639915,2838
2,工作日,7,07-08,平段,914,3889,0.2350218565,23.50218565,2975
2,工作日,8,08-09,平段,722,3893,0.185461084,18.5461084,3171
2,工作日,9,09-10,平段,590,3616,0.1631637168,16.31637168,3026
2,工作日,10,10-11,平段,618,3628,0.1703417861,17.03417861,3010
2,工作日,11,11-12,高峰,1024,4037,0.2536537032,25.36537032,3013
2,工作日,12,12-13,高峰,1214,4249,0.2857142857,28.57142857,3035
2,工作日,13,13-14,高峰,918,4056,0.2263313609,22.63313609,3138
2,工作日,14,14-15,平段,789,3865,0.2041397154,20.41397154,3076
2,工作日,15,15-16,平段,722,3677,0.1963557248,19.63557248,2955
2,工作日,16,16-17,高峰,1395,4288,0.3253264925,32.53264925,2893
2,工作日,17,17-18,高峰,2078,4899,0.4241681976,42.41681976,2821
2,工作日,18,18-19,高峰,1807,4613,0.3917190548,39.17190548,2806
2,工作日,19,19-20,高峰,1596,4226,0.3776620918,37.76620918,2630
2,工作日,20,20-21,高峰,1095,3837,0.2853792025,28.53792025,2742
2,工作日,21,21-22,高峰,663,3248,0.2041256158,20.41256158,2585
2,工作日,22,22-23,高峰,434,2855,0.1520140105,15.20140105,2421
2,工作日,23,23-00,未分类固定,197,2269,0.08682238872,8.682238872,2072
2,周末,0,00-01,低谷,126,1816,0.06938325991,6.938325991,1690
2,周末,1,01-02,低谷,65,1822,0.03567508233,3.567508233,1757
2,周末,2,02-03,低谷,64,1838,0.03482045702,3.482045702,1774
2,周末,3,03-04,低谷,3,1845,0.00162601626,0.162601626,1842
2,周末,4,04-05,低谷,9,1859,0.004841312534,0.4841312534,1850
2,周末,5,05-06,低谷,115,2268,0.05070546737,5.070546737,2153
2,周末,6,06-07,低谷,246,3277,0.07506866036,7.506866036,3031
2,周末,7,07-08,平段,411,3889,0.1056826948,10.56826948,3478
2,周末,8,08-09,平段,537,3893,0.1379398921,13.79398921,3356
2,周末,9,09-10,平段,657,3616,0.1816924779,18.16924779,2959
2,周末,10,10-11,平段,793,3628,0.2185777288,21.85777288,2835
2,周末,11,11-12,高峰,890,4037,0.2204607382,22.04607382,3147
2,周末,12,12-13,高峰,1035,4249,0.2435867263,24.35867263,3214
2,周末,13,13-14,高峰,1132,4056,0.2790927022,27.90927022,2924
2,周末,14,14-15,平段,1280,3865,0.3311772316,33.11772316,2585
2,周末,15,15-16,平段,1152,3677,0.313298885,31.3298885,2525
2,周末,16,16-17,高峰,1032,4288,0.2406716418,24.06716418,3256
2,周末,17,17-18,高峰,893,4899,0.1822820984,18.22820984,4006
2,周末,18,18-19,高峰,787,4613,0.1706048125,17.06048125,3826
2,周末,19,19-20,高峰,678,4226,0.1604353999,16.04353999,3548
2,周末,20,20-21,高峰,533,3837,0.1389106072,13.89106072,3304
2,周末,21,21-22,高峰,414,3248,0.1274630542,12.74630542,2834
2,周末,22,22-23,高峰,311,2855,0.1089316988,10.89316988,2544
2,周末,23,23-00,未分类固定,185,2269,0.08153371529,8.153371529,2084
3,工作日,0,00-01,低谷,64,1619,0.03953057443,3.953057443,1555
3,工作日,1,01-02,低谷,13,1625,0.008,0.8,1612
3,工作日,2,02-03,低谷,19,1637,0.01160659743,1.160659743,1618
3,工作日,3,03-04,低谷,15,1643,0.009129640901,0.9129640901,1628
3,工作日,4,04-05,低谷,13,1658,0.007840772014,0.7840772014,1645
3,工作日,5,05-06,低谷,126,2066,0.0609874153,6.09874153,1940
3,工作日,6,06-07,低谷,310,2879,0.1076762765,10.76762765,2569
3,工作日,7,07-08,平段,652,3587,0.1817674937,18.17674937,2935
3,工作日,8,08-09,平段,537,3598,0.1492495831,14.92495831,3061
3,工作日,9,09-10,平段,466,3215,0.1449455677,14.49455677,2749
3,工作日,10,10-11,平段,482,3229,0.1492722205,14.92722205,2747
3,工作日,11,11-12,高峰,790,3837,0.2058900182,20.58900182,3047
3,工作日,12,12-13,高峰,904,4048,0.2233201581,22.33201581,3144
3,工作日,13,13-14,高峰,734,3856,0.1903526971,19.03526971,3122
3,工作日,14,14-15,平段,616,3569,0.1725973662,17.25973662,2953
3,工作日,15,15-16,平段,555,3278,0.1693105552,16.93105552,2723
3,工作日,16,16-17,高峰,1088,3885,0.2800514801,28.00514801,2797
3,工作日,17,17-18,高峰,1534,4597,0.3336958886,33.36958886,3063
3,工作日,18,18-19,高峰,1389,4216,0.329459203,32.9459203,2827
3,工作日,19,19-20,高峰,1260,3829,0.3290676417,32.90676417,2569
3,工作日,20,20-21,高峰,853,3538,0.2410966648,24.10966648,2685
3,工作日,21,21-22,高峰,558,2847,0.195995785,19.5995785,2289
3,工作日,22,22-23,高峰,375,2553,0.1468860165,14.68860165,2178
3,工作日,23,23-00,未分类固定,133,2066,0.06437560503,6.437560503,1933
3,周末,0,00-01,低谷,122,1619,0.0753551575,7.53551575,1497
3,周末,1,01-02,低谷,69,1625,0.04246153846,4.246153846,1556
3,周末,2,02-03,低谷,2,1637,0.001221747098,0.1221747098,1635
3,周末,3,03-04,低谷,4,1643,0.002434570907,0.2434570907,1639
3,周末,4,04-05,低谷,9,1658,0.005428226779,0.5428226779,1649
3,周末,5,05-06,低谷,53,2066,0.02565343659,2.565343659,2013
3,周末,6,06-07,低谷,170,2879,0.05904828065,5.904828065,2709
3,周末,7,07-08,平段,295,3587,0.08224142738,8.224142738,3292
3,周末,8,08-09,平段,434,3598,0.1206225681,12.06225681,3164
3,周末,9,09-10,平段,529,3215,0.1645412131,16.45412131,2686
3,周末,10,10-11,平段,670,3229,0.2074945804,20.74945804,2559
3,周末,11,11-12,高峰,767,3837,0.1998957519,19.98957519,3070
3,周末,12,12-13,高峰,920,4048,0.2272727273,22.72727273,3128
3,周末,13,13-14,高峰,1008,3856,0.2614107884,26.14107884,2848
3,周末,14,14-15,平段,1159,3569,0.3247408238,32.47408238,2410
3,周末,15,15-16,平段,1004,3278,0.3062843197,30.62843197,2274
3,周末,16,16-17,高峰,920,3885,0.2368082368,23.68082368,2965
3,周末,17,17-18,高峰,772,4597,0.1679356102,16.79356102,3825
3,周末,18,18-19,高峰,652,4216,0.1546489564,15.46489564,3564
3,周末,19,19-20,高峰,554,3829,0.1446852964,14.46852964,3275
3,周末,20,20-21,高峰,435,3538,0.1229508197,12.29508197,3103
3,周末,21,21-22,高峰,291,2847,0.1022128556,10.22128556,2556
3,周末,22,22-23,高峰,227,2553,0.08891500196,8.891500196,2326
3,周末,23,23-00,未分类固定,117,2066,0.05663117135,5.663117135,1949
4,工作日,0,00-01,低谷,189,2218,0.08521190261,8.521190261,2029
4,工作日,1,01-02,低谷,135,2225,0.0606741573,6.06741573,2090
4,工作日,2,02-03,低谷,73,2237,0.03263299061,3.263299061,2164
4,工作日,3,03-04,低谷,61,2249,0.02712316585,2.712316585,2188
4,工作日,4,04-05,低谷,16,2253,0.007101642255,0.7101642255,2237
4,工作日,5,05-06,低谷,307,2869,0.1070059254,10.70059254,2562
4,工作日,6,06-07,低谷,549,3876,0.1416408669,14.16408669,3327
4,工作日,7,07-08,平段,961,4587,0.2095051232,20.95051232,3626
4,工作日,8,08-09,平段,852,4598,0.1852979556,18.52979556,3746
4,工作日,9,09-10,平段,728,4219,0.1725527376,17.25527376,3491
4,工作日,10,10-11,平段,791,4226,0.1871746332,18.71746332,3435
4,工作日,11,11-12,高峰,1159,4835,0.2397104447,23.97104447,3676
4,工作日,12,12-13,高峰,1397,5047,0.2767980979,27.67980979,3650
4,工作日,13,13-14,高峰,1028,4859,0.2115661659,21.15661659,3831
4,工作日,14,14-15,平段,903,4566,0.1977660972,19.77660972,3663
4,工作日,15,15-16,平段,843,4278,0.1970546985,19.70546985,3435
4,工作日,16,16-17,高峰,1561,5089,0.3067400275,30.67400275,3528
4,工作日,17,17-18,高峰,1985,5597,0.3546542791,35.46542791,3612
4,工作日,18,18-19,高峰,1810,5218,0.3468761978,34.68761978,3408
4,工作日,19,19-20,高峰,1627,4825,0.3372020725,33.72020725,3198
4,工作日,20,20-21,高峰,1269,4539,0.2795769993,27.95769993,3270
4,工作日,21,21-22,高峰,787,3847,0.2045749935,20.45749935,3060
4,工作日,22,22-23,高峰,549,3256,0.1686117936,16.86117936,2707
4,工作日,23,23-00,未分类固定,308,2868,0.1073919107,10.73919107,2560
4,周末,0,00-01,低谷,182,2218,0.08205590622,8.205590622,2036
4,周末,1,01-02,低谷,116,2225,0.05213483146,5.213483146,2109
4,周末,2,02-03,低谷,56,2237,0.02503352705,2.503352705,2181
4,周末,3,03-04,低谷,63,2249,0.02801244998,2.801244998,2186
4,周末,4,04-05,低谷,1,2253,0.0004438526409,0.04438526409,2252
4,周末,5,05-06,低谷,185,2869,0.06448239805,6.448239805,2684
4,周末,6,06-07,低谷,357,3876,0.09210526316,9.210526316,3519
4,周末,7,07-08,平段,535,4587,0.1166339656,11.66339656,4052
4,周末,8,08-09,平段,649,4598,0.1411483254,14.11483254,3949
4,周末,9,09-10,平段,788,4219,0.1867741171,18.67741171,3431
4,周末,10,10-11,平段,910,4226,0.2153336488,21.53336488,3316
4,周末,11,11-12,高峰,1029,4835,0.2128231644,21.28231644,3806
4,周末,12,12-13,高峰,1124,5047,0.2227065584,22.27065584,3923
4,周末,13,13-14,高峰,1253,4859,0.2578719901,25.78719901,3606
4,周末,14,14-15,平段,1396,4566,0.305738064,30.5738064,3170
4,周末,15,15-16,平段,1266,4278,0.2959326788,29.59326788,3012
4,周末,16,16-17,高峰,1131,5089,0.2222440558,22.22440558,3958
4,周末,17,17-18,高峰,1027,5597,0.183491156,18.3491156,4570
4,周末,18,18-19,高峰,919,5218,0.1761211192,17.61211192,4299
4,周末,19,19-20,高峰,760,4825,0.1575129534,15.75129534,4065
4,周末,20,20-21,高峰,666,4539,0.1467283543,14.67283543,3873
4,周末,21,21-22,高峰,559,3847,0.1453080322,14.53080322,3288
4,周末,22,22-23,高峰,433,3256,0.132985258,13.2985258,2823
4,周末,23,23-00,未分类固定,306,2868,0.1066945607,10.66945607,2562
5,工作日,0,00-01,低谷,72,1517,0.04746209624,4.746209624,1445
5,工作日,1,01-02,低谷,9,1529,0.005886200131,0.5886200131,1520
5,工作日,2,02-03,低谷,8,1536,0.005208333333,0.5208333333,1528
5,工作日,3,03-04,低谷,14,1548,0.009043927649,0.9043927649,1534
5,工作日,4,04-05,低谷,14,1552,0.009020618557,0.9020618557,1538
5,工作日,5,05-06,低谷,125,1865,0.06702412869,6.702412869,1740
5,工作日,6,06-07,低谷,243,2578,0.09425911559,9.425911559,2335
5,工作日,7,07-08,平段,432,3087,0.139941691,13.9941691,2655
5,工作日,8,08-09,平段,368,3099,0.1187479832,11.87479832,2731
5,工作日,9,09-10,平段,483,2816,0.1715198864,17.15198864,2333
5,工作日,10,10-11,平段,601,2828,0.2125176803,21.25176803,2227
5,工作日,11,11-12,高峰,723,3539,0.2042949986,20.42949986,2816
5,工作日,12,12-13,高峰,845,3847,0.2196516766,21.96516766,3002
5,工作日,13,13-14,高峰,675,3556,0.1898200225,18.98200225,2881
5,工作日,14,14-15,平段,914,3265,0.2799387443,27.99387443,2351
5,工作日,15,15-16,平段,963,3079,0.3127638844,31.27638844,2116
5,工作日,16,16-17,高峰,841,3588,0.2343924192,23.43924192,2747
5,工作日,17,17-18,高峰,1085,4097,0.2648279229,26.48279229,3012
5,工作日,18,18-19,高峰,1514,3816,0.3967505241,39.67505241,2302
5,工作日,19,19-20,高峰,1327,3525,0.3764539007,37.64539007,2198
5,工作日,20,20-21,高峰,969,3038,0.318959842,31.8959842,2069
5,工作日,21,21-22,高峰,615,2549,0.2412710867,24.12710867,1934
5,工作日,22,22-23,高峰,435,2257,0.1927337173,19.27337173,1822
5,工作日,23,23-00,未分类固定,190,1866,0.1018220793,10.18220793,1676
5,周末,0,00-01,低谷,122,1517,0.0804218853,8.04218853,1395
5,周末,1,01-02,低谷,62,1529,0.04054937868,4.054937868,1467
5,周末,2,02-03,低谷,0,1536,0,0,1536
5,周末,3,03-04,低谷,0,1548,0,0,1548
5,周末,4,04-05,低谷,0,1552,0,0,1552
5,周末,5,05-06,低谷,178,1865,0.09544235925,9.544235925,1687
5,周末,6,06-07,低谷,295,2578,0.1144297905,11.44297905,2283
5,周末,7,07-08,平段,478,3087,0.1548428895,15.48428895,2609
5,周末,8,08-09,平段,722,3099,0.2329783801,23.29783801,2377
5,周末,9,09-10,平段,1087,2816,0.3860085227,38.60085227,1729
5,周末,10,10-11,平段,1487,2828,0.5258132956,52.58132956,1341
5,周末,11,11-12,高峰,1694,3539,0.4786662899,47.86662899,1845
5,周末,12,12-13,高峰,1808,3847,0.4699766051,46.99766051,2039
5,周末,13,13-14,高峰,1725,3556,0.485095613,48.5095613,1831
5,周末,14,14-15,平段,1616,3265,0.4949464012,49.49464012,1649
5,周末,15,15-16,平段,1490,3079,0.4839233517,48.39233517,1589
5,周末,16,16-17,高峰,1331,3588,0.3709587514,37.09587514,2257
5,周末,17,17-18,高峰,1187,4097,0.2897241884,28.97241884,2910
5,周末,18,18-19,高峰,1093,3816,0.2864255765,28.64255765,2723
5,周末,19,19-20,高峰,910,3525,0.2581560284,25.81560284,2615
5,周末,20,20-21,高峰,728,3038,0.2396313364,23.96313364,2310
5,周末,21,21-22,高峰,551,2549,0.2161632013,21.61632013,1998
5,周末,22,22-23,高峰,365,2257,0.1617190961,16.17190961,1892
5,周末,23,23-00,未分类固定,176,1866,0.09431939979,9.431939979,1690
6,工作日,0,00-01,低谷,133,1915,0.06945169713,6.945169713,1782
6,工作日,1,01-02,低谷,79,1928,0.04097510373,4.097510373,1849
6,工作日,2,02-03,低谷,67,1936,0.03460743802,3.460743802,1869
6,工作日,3,03-04,低谷,12,1949,0.006157003592,0.6157003592,1937
6,工作日,4,04-05,低谷,64,1957,0.03270311702,3.270311702,1893
6,工作日,5,05-06,低谷,245,2469,0.09923045768,9.923045768,2224
6,工作日,6,06-07,低谷,487,3478,0.1400230017,14.00230017,2991
6,工作日,7,07-08,平段,856,4085,0.2095471236,20.95471236,3229
6,工作日,8,08-09,平段,793,4097,0.1935562607,19.35562607,3304
6,工作日,9,09-10,平段,724,3819,0.1895784237,18.95784237,3095
6,工作日,10,10-11,平段,724,3825,0.1892810458,18.92810458,3101
6,工作日,11,11-12,高峰,1093,4238,0.257904672,25.7904672,3145
6,工作日,12,12-13,高峰,1267,4546,0.2787065552,27.87065552,3279
6,工作日,13,13-14,高峰,979,4257,0.2299741602,22.99741602,3278
6,工作日,14,14-15,平段,842,4069,0.2069304497,20.69304497,3227
6,工作日,15,15-16,平段,790,3876,0.2038183695,20.38183695,3086
6,工作日,16,16-17,高峰,1453,4588,0.316695728,31.6695728,3135
6,工作日,17,17-18,高峰,1746,5096,0.3426216641,34.26216641,3350
6,工作日,18,18-19,高峰,1762,4819,0.3656360241,36.56360241,3057
6,工作日,19,19-20,高峰,1568,4527,0.346366247,34.6366247,2959
6,工作日,20,20-21,高峰,1243,4035,0.3080545229,30.80545229,2792
6,工作日,21,21-22,高峰,727,3448,0.2108468677,21.08468677,2721
6,工作日,22,22-23,高峰,481,2959,0.1625549172,16.25549172,2478
6,工作日,23,23-00,未分类固定,241,2467,0.09768950142,9.768950142,2226
6,周末,0,00-01,低谷,121,1915,0.06318537859,6.318537859,1794
6,周末,1,01-02,低谷,55,1928,0.02852697095,2.852697095,1873
6,周末,2,02-03,低谷,62,1936,0.03202479339,3.202479339,1874
6,周末,3,03-04,低谷,0,1949,0,0,1949
6,周末,4,04-05,低谷,0,1957,0,0,1957
6,周末,5,05-06,低谷,113,2469,0.04576751721,4.576751721,2356
6,周末,6,06-07,低谷,297,3478,0.08539390454,8.539390454,3181
6,周末,7,07-08,平段,424,4085,0.1037943696,10.37943696,3661
6,周末,8,08-09,平段,535,4097,0.1305833537,13.05833537,3562
6,周末,9,09-10,平段,668,3819,0.1749148992,17.49148992,3151
6,周末,10,10-11,平段,772,3825,0.2018300654,20.18300654,3053
6,周末,11,11-12,高峰,906,4238,0.2137800849,21.37800849,3332
6,周末,12,12-13,高峰,1010,4546,0.2221733392,22.21733392,3536
6,周末,13,13-14,高峰,1152,4257,0.2706131078,27.06131078,3105
6,周末,14,14-15,平段,1267,4069,0.3113787171,31.13787171,2802
6,周末,15,15-16,平段,1155,3876,0.2979876161,29.79876161,2721
6,周末,16,16-17,高峰,1023,4588,0.222972973,22.2972973,3565
6,周末,17,17-18,高峰,896,5096,0.1758241758,17.58241758,4200
6,周末,18,18-19,高峰,795,4819,0.1649719859,16.49719859,4024
6,周末,19,19-20,高峰,655,4527,0.144687431,14.4687431,3872
6,周末,20,20-21,高峰,547,4035,0.1355638166,13.55638166,3488
6,周末,21,21-22,高峰,427,3448,0.1238399072,12.38399072,3021
6,周末,22,22-23,高峰,297,2959,0.1003717472,10.03717472,2662
6,周末,23,23-00,未分类固定,173,2467,0.07012565869,7.012565869,2294
7,工作日,0,00-01,低谷,62,1219,0.05086136177,5.086136177,1157
7,工作日,1,01-02,低谷,13,1226,0.01060358891,1.060358891,1213
7,工作日,2,02-03,低谷,8,1238,0.006462035541,0.6462035541,1230
7,工作日,3,03-04,低谷,11,1247,0.00882117081,0.882117081,1236
7,工作日,4,04-05,低谷,11,1255,0.008764940239,0.8764940239,1244
7,工作日,5,05-06,低谷,108,1568,0.06887755102,6.887755102,1460
7,工作日,6,06-07,低谷,160,2077,0.07703418392,7.703418392,1917
7,工作日,7,07-08,平段,305,2589,0.1178061027,11.78061027,2284
7,工作日,8,08-09,平段,241,2596,0.09283513097,9.283513097,2355
7,工作日,9,09-10,平段,319,2218,0.1438232642,14.38232642,1899
7,工作日,10,10-11,平段,370,2227,0.166142793,16.6142793,1857
7,工作日,11,11-12,高峰,492,3035,0.1621087315,16.21087315,2543
7,工作日,12,12-13,高峰,555,3249,0.1708217913,17.08217913,2694
7,工作日,13,13-14,高峰,429,3058,0.1402877698,14.02877698,2629
7,工作日,14,14-15,平段,377,2567,0.1468640436,14.68640436,2190
7,工作日,15,15-16,平段,317,2276,0.1392794376,13.92794376,1959
7,工作日,16,16-17,高峰,552,3089,0.178698608,17.8698608,2537
7,工作日,17,17-18,高峰,727,3598,0.2020566982,20.20566982,2871
7,工作日,18,18-19,高峰,602,3217,0.1871308673,18.71308673,2615
7,工作日,19,19-20,高峰,483,2826,0.1709129512,17.09129512,2343
7,工作日,20,20-21,高峰,377,2535,0.1487179487,14.87179487,2158
7,工作日,21,21-22,高峰,245,2049,0.1195705222,11.95705222,1804
7,工作日,22,22-23,高峰,197,1858,0.1060279871,10.60279871,1661
7,工作日,23,23-00,未分类固定,77,1567,0.04913848117,4.913848117,1490
7,周末,0,00-01,低谷,59,1219,0.04840032814,4.840032814,1160
7,周末,1,01-02,低谷,0,1226,0,0,1226
7,周末,2,02-03,低谷,0,1238,0,0,1238
7,周末,3,03-04,低谷,0,1247,0,0,1247
7,周末,4,04-05,低谷,0,1255,0,0,1255
7,周末,5,05-06,低谷,118,1568,0.07525510204,7.525510204,1450
7,周末,6,06-07,低谷,176,2077,0.08473760231,8.473760231,1901
7,周末,7,07-08,平段,306,2589,0.1181923523,11.81923523,2283
7,周末,8,08-09,平段,422,2596,0.1625577812,16.25577812,2174
7,周末,9,09-10,平段,547,2218,0.2466185753,24.66185753,1671
7,周末,10,10-11,平段,675,2227,0.3030983386,30.30983386,1552
7,周末,11,11-12,高峰,794,3035,0.2616144975,26.16144975,2241
7,周末,12,12-13,高峰,894,3249,0.2751615882,27.51615882,2355
7,周末,13,13-14,高峰,855,3058,0.2795945062,27.95945062,2203
7,周末,14,14-15,平段,729,2567,0.2839890923,28.39890923,1838
7,周末,15,15-16,平段,589,2276,0.2587873462,25.87873462,1687
7,周末,16,16-17,高峰,465,3089,0.1505341534,15.05341534,2624
7,周末,17,17-18,高峰,351,3598,0.09755419678,9.755419678,3247
7,周末,18,18-19,高峰,286,3217,0.08890270438,8.890270438,2931
7,周末,19,19-20,高峰,250,2826,0.08846426044,8.846426044,2576
7,周末,20,20-21,高峰,176,2535,0.06942800789,6.942800789,2359
7,周末,21,21-22,高峰,107,2049,0.05222059541,5.222059541,1942
7,周末,22,22-23,高峰,65,1858,0.03498385361,3.498385361,1793
7,周末,23,23-00,未分类固定,0,1567,0,0,1567
8,工作日,0,00-01,低谷,22,1618,0.01359703337,1.359703337,1596
8,工作日,1,01-02,低谷,12,1627,0.0073755378,0.73755378,1615
8,工作日,2,02-03,低谷,13,1635,0.007951070336,0.7951070336,1622
8,工作日,3,03-04,低谷,13,1649,0.007883565797,0.7883565797,1636
8,工作日,4,04-05,低谷,23,1656,0.01388888889,1.388888889,1633
8,工作日,5,05-06,低谷,65,2067,0.03144654088,3.144654088,2002
8,工作日,6,06-07,低谷,241,2878,0.08373870744,8.373870744,2637
8,工作日,7,07-08,平段,481,3289,0.1462450593,14.62450593,2808
8,工作日,8,08-09,平段,680,3295,0.2063732929,20.63732929,2615
8,工作日,9,09-10,平段,794,3017,0.2631753397,26.31753397,2223
8,工作日,10,10-11,平段,739,3029,0.2439749092,24.39749092,2290
8,工作日,11,11-12,高峰,607,3538,0.1715658564,17.15658564,2931
8,工作日,12,12-13,高峰,532,3846,0.138325533,13.8325533,3314
8,工作日,13,13-14,高峰,431,3559,0.121101433,12.1101433,3128
8,工作日,14,14-15,平段,377,3267,0.1153963881,11.53963881,2890
8,工作日,15,15-16,平段,486,3078,0.1578947368,15.78947368,2592
8,工作日,16,16-17,高峰,665,3586,0.185443391,18.5443391,2921
8,工作日,17,17-18,高峰,992,4099,0.2420102464,24.20102464,3107
8,工作日,18,18-19,高峰,798,3815,0.2091743119,20.91743119,3017
8,工作日,19,19-20,高峰,551,3528,0.1561791383,15.61791383,2977
8,工作日,20,20-21,高峰,436,3236,0.1347342398,13.47342398,2800
8,工作日,21,21-22,高峰,316,2849,0.1109161109,11.09161109,2533
8,工作日,22,22-23,高峰,181,2557,0.07078607743,7.078607743,2376
8,工作日,23,23-00,未分类固定,69,2068,0.0333655706,3.33655706,1999
8,周末,0,00-01,低谷,0,1618,0,0,1618
8,周末,1,01-02,低谷,0,1627,0,0,1627
8,周末,2,02-03,低谷,0,1635,0,0,1635
8,周末,3,03-04,低谷,0,1649,0,0,1649
8,周末,4,04-05,低谷,0,1656,0,0,1656
8,周末,5,05-06,低谷,56,2067,0.02709240445,2.709240445,2011
8,周末,6,06-07,低谷,125,2878,0.04343293954,4.343293954,2753
8,周末,7,07-08,平段,235,3289,0.07145028884,7.145028884,3054
8,周末,8,08-09,平段,367,3295,0.1113808801,11.13808801,2928
8,周末,9,09-10,平段,478,3017,0.158435532,15.8435532,2539
8,周末,10,10-11,平段,611,3029,0.2017167382,20.17167382,2418
8,周末,11,11-12,高峰,538,3538,0.1520633126,15.20633126,3000
8,周末,12,12-13,高峰,473,3846,0.1229849194,12.29849194,3373
8,周末,13,13-14,高峰,409,3559,0.1149199213,11.49199213,3150
8,周末,14,14-15,平段,356,3267,0.1089684726,10.89684726,2911
8,周末,15,15-16,平段,304,3078,0.0987654321,9.87654321,2774
8,周末,16,16-17,高峰,230,3586,0.06413831567,6.413831567,3356
8,周末,17,17-18,高峰,364,4099,0.08880214687,8.880214687,3735
8,周末,18,18-19,高峰,471,3815,0.1234600262,12.34600262,3344
8,周末,19,19-20,高峰,350,3528,0.09920634921,9.920634921,3178
8,周末,20,20-21,高峰,233,3236,0.07200247219,7.200247219,3003
8,周末,21,21-22,高峰,127,2849,0.04457704458,4.457704458,2722
8,周末,22,22-23,高峰,48,2557,0.01877199844,1.877199844,2509
8,周末,23,23-00,未分类固定,0,2068,0,0,2068
9,工作日,0,00-01,低谷,56,1017,0.05506391347,5.506391347,961
9,工作日,1,01-02,低谷,17,1028,0.01653696498,1.653696498,1011
9,工作日,2,02-03,低谷,8,1039,0.007699711261,0.7699711261,1031
9,工作日,3,03-04,低谷,9,1046,0.008604206501,0.8604206501,1037
9,工作日,4,04-05,低谷,16,1055,0.01516587678,1.516587678,1039
9,工作日,5,05-06,低谷,105,1269,0.08274231678,8.274231678,1164
9,工作日,6,06-07,低谷,169,1877,0.09003729355,9.003729355,1708
9,工作日,7,07-08,平段,243,2288,0.1062062937,10.62062937,2045
9,工作日,8,08-09,平段,319,2296,0.1389372822,13.89372822,1977
9,工作日,9,09-10,平段,427,2019,0.211490837,21.1490837,1592
9,工作日,10,10-11,平段,549,2027,0.2708436112,27.08436112,1478
9,工作日,11,11-12,高峰,661,2836,0.2330747532,23.30747532,2175
9,工作日,12,12-13,高峰,788,3045,0.2587848933,25.87848933,2257
9,工作日,13,13-14,高峰,727,2859,0.2542847149,25.42847149,2132
9,工作日,14,14-15,平段,858,2568,0.3341121495,33.41121495,1710
9,工作日,15,15-16,平段,908,2277,0.3987703118,39.87703118,1369
9,工作日,16,16-17,高峰,781,2885,0.2707105719,27.07105719,2104
9,工作日,17,17-18,高峰,971,3299,0.2943316156,29.43316156,2328
9,工作日,18,18-19,高峰,1218,3018,0.4035785288,40.35785288,1800
9,工作日,19,19-20,高峰,1090,2827,0.3855677397,38.55677397,1737
9,工作日,20,20-21,高峰,783,2236,0.3501788909,35.01788909,1453
9,工作日,21,21-22,高峰,487,1849,0.2633856138,26.33856138,1362
9,工作日,22,22-23,高峰,316,1558,0.2028241335,20.28241335,1242
9,工作日,23,23-00,未分类固定,136,1267,0.1073401736,10.73401736,1131
9,周末,0,00-01,低谷,178,1017,0.1750245821,17.50245821,839
9,周末,1,01-02,低谷,118,1028,0.1147859922,11.47859922,910
9,周末,2,02-03,低谷,58,1039,0.05582290664,5.582290664,981
9,周末,3,03-04,低谷,0,1046,0,0,1046
9,周末,4,04-05,低谷,0,1055,0,0,1055
9,周末,5,05-06,低谷,242,1269,0.1907013396,19.07013396,1027
9,周末,6,06-07,低谷,419,1877,0.2232285562,22.32285562,1458
9,周末,7,07-08,平段,716,2288,0.3129370629,31.29370629,1572
9,周末,8,08-09,平段,1084,2296,0.4721254355,47.21254355,1212
9,周末,9,09-10,平段,1501,2019,0.7434373452,74.34373452,518
9,周末,10,10-11,平段,1915,2027,0.9447459299,94.47459299,112
9,周末,11,11-12,高峰,2095,2836,0.7387165021,73.87165021,741
9,周末,12,12-13,高峰,2285,3045,0.750410509,75.0410509,760
9,周末,13,13-14,高峰,2156,2859,0.7541098286,75.41098286,703
9,周末,14,14-15,平段,2038,2568,0.7936137072,79.36137072,530
9,周末,15,15-16,平段,1806,2277,0.7931488801,79.31488801,471
9,周末,16,16-17,高峰,1549,2885,0.536915078,53.6915078,1336
9,周末,17,17-18,高峰,1312,3299,0.3976962716,39.76962716,1987
9,周末,18,18-19,高峰,1091,3018,0.3614976806,36.14976806,1927
9,周末,19,19-20,高峰,888,2827,0.3141139017,31.41139017,1939
9,周末,20,20-21,高峰,725,2236,0.3242397138,32.42397138,1511
9,周末,21,21-22,高峰,528,1849,0.285559762,28.5559762,1321
9,周末,22,22-23,高峰,352,1558,0.2259306804,22.59306804,1206
9,周末,23,23-00,未分类固定,185,1267,0.1460142068,14.60142068,1082
10,工作日,0,00-01,低谷,77,1416,0.05437853107,5.437853107,1339
10,工作日,1,01-02,低谷,9,1429,0.006298110567,0.6298110567,1420
10,工作日,2,02-03,低谷,61,1437,0.04244954767,4.244954767,1376
10,工作日,3,03-04,低谷,21,1448,0.01450276243,1.450276243,1427
10,工作日,4,04-05,低谷,19,1455,0.01305841924,1.305841924,1436
10,工作日,5,05-06,低谷,185,1667,0.1109778044,11.09778044,1482
10,工作日,6,06-07,低谷,305,2279,0.1338306275,13.38306275,1974
10,工作日,7,07-08,平段,429,2886,0.1486486486,14.86486486,2457
10,工作日,8,08-09,平段,369,2898,0.1273291925,12.73291925,2529
10,工作日,9,09-10,平段,423,2517,0.168057211,16.8057211,2094
10,工作日,10,10-11,平段,499,2529,0.1973111902,19.73111902,2030
10,工作日,11,11-12,高峰,616,3238,0.1902408894,19.02408894,2622
10,工作日,12,12-13,高峰,736,3546,0.2075578116,20.75578116,2810
10,工作日,13,13-14,高峰,543,3257,0.1667178385,16.67178385,2714
10,工作日,14,14-15,平段,481,2869,0.1676542349,16.76542349,2388
10,工作日,15,15-16,平段,431,2578,0.1671838635,16.71838635,2147
10,工作日,16,16-17,高峰,677,3285,0.2060882801,20.60882801,2608
10,工作日,17,17-18,高峰,908,3897,0.2329997434,23.29997434,2989
10,工作日,18,18-19,高峰,784,3516,0.2229806598,22.29806598,2732
10,工作日,19,19-20,高峰,666,3229,0.2062558068,20.62558068,2563
10,工作日,20,20-21,高峰,548,2838,0.193093728,19.3093728,2290
10,工作日,21,21-22,高峰,363,2247,0.1615487316,16.15487316,1884
10,工作日,22,22-23,高峰,256,2056,0.1245136187,12.45136187,1800
10,工作日,23,23-00,未分类固定,123,1669,0.07369682445,7.369682445,1546
10,周末,0,00-01,低谷,115,1416,0.08121468927,8.121468927,1301
10,周末,1,01-02,低谷,56,1429,0.03918824353,3.918824353,1373
10,周末,2,02-03,低谷,0,1437,0,0,1437
10,周末,3,03-04,低谷,0,1448,0,0,1448
10,周末,4,04-05,低谷,0,1455,0,0,1455
10,周末,5,05-06,低谷,115,1667,0.06898620276,6.898620276,1552
10,周末,6,06-07,低谷,236,2279,0.1035541904,10.35541904,2043
10,周末,7,07-08,平段,363,2886,0.1257796258,12.57796258,2523
10,周末,8,08-09,平段,474,2898,0.1635610766,16.35610766,2424
10,周末,9,09-10,平段,603,2517,0.2395709178,23.95709178,1914
10,周末,10,10-11,平段,716,2529,0.2831158561,28.31158561,1813
10,周末,11,11-12,高峰,846,3238,0.2612723904,26.12723904,2392
10,周末,12,12-13,高峰,952,3546,0.2684715172,26.84715172,2594
10,周末,13,13-14,高峰,902,3257,0.2769419711,27.69419711,2355
10,周末,14,14-15,平段,772,2869,0.2690833043,26.90833043,2097
10,周末,15,15-16,平段,669,2578,0.2595034911,25.95034911,1909
10,周末,16,16-17,高峰,546,3285,0.1662100457,16.62100457,2739
10,周末,17,17-18,高峰,426,3897,0.1093148576,10.93148576,3471
10,周末,18,18-19,高峰,372,3516,0.1058020478,10.58020478,3144
10,周末,19,19-20,高峰,303,3229,0.09383710127,9.383710127,2926
10,周末,20,20-21,高峰,232,2838,0.08174770965,8.174770965,2606
10,周末,21,21-22,高峰,184,2247,0.08188696039,8.188696039,2063
10,周末,22,22-23,高峰,128,2056,0.06225680934,6.225680934,1928
10,周末,23,23-00,未分类固定,55,1669,0.03295386459,3.295386459,1614
