区域,小时序号,时段,工作日负荷_kWh,周末负荷_kWh,综合典型日负荷_kWh,工作日负荷占全天_raw,周末负荷占全天_raw,综合典型日负荷占全天_raw
1,0,00-01,127,189,144.7142857,0.006612516922,0.01296296296,0.008091700615
1,1,01-02,75,129,90.42857143,0.003905029678,0.008847736626,0.005056314402
1,2,02-03,71,57,67,0.003696761429,0.003909465021,0.003746305615
1,3,03-04,19,67,32.71428571,0.0009892741852,0.004595336077,0.001829219586
1,4,04-05,24,2,17.71428571,0.001249609497,0.0001371742112,0.0009904944484
1,5,05-06,187,123,168.7142857,0.009736540664,0.008436213992,0.009433660836
1,6,06-07,499,291,439.5714286,0.02598146413,0.01995884774,0.02457864047
1,7,07-08,983,474,837.5714286,0.05118192232,0.03251028807,0.04683281412
1,8,08-09,789,594,733.2857143,0.04108091221,0.04074074074,0.04100167745
1,9,09-10,652,727,673.4285714,0.03394772467,0.04986282579,0.03765476476
1,10,10-11,668,860,722.8571429,0.03478079767,0.05898491084,0.04041856378
1,11,11-12,1083,953,1045.857143,0.05638862855,0.06536351166,0.05847911175
1,12,12-13,1322,1096,1257.428571,0.06883265646,0.07517146776,0.07030913012
1,13,13-14,972,1182,1032,0.05060918463,0.08106995885,0.05770428948
1,14,14-15,846,1304,976.8571429,0.04404873477,0.08943758573,0.05462097612
1,15,15-16,782,1212,904.8571429,0.04071644278,0.08312757202,0.05059509545
1,16,16-17,1501,1089,1383.285714,0.07815266063,0.07469135802,0.07734643342
1,17,17-18,2221,945,1856.428571,0.1156409455,0.06481481481,0.1038022206
1,18,18-19,1945,855,1633.571429,0.1012704363,0.05864197531,0.09134116143
1,19,19-20,1744,730,1454.285714,0.09080495678,0.05006858711,0.08131639907
1,20,20-21,1210,607,1037.714286,0.06300114548,0.04163237311,0.05802380382
1,21,21-22,736,486,664.5714286,0.03832135791,0.03333333333,0.03715951753
1,22,22-23,495,372,459.8571429,0.02577319588,0.02551440329,0.02571291637
1,23,23-00,255,236,249.5714286,0.01327710091,0.01618655693,0.01395478872
2,0,00-01,139,126,135.2857143,0.007823492993,0.009439616422,0.008196934156
2,1,01-02,72,65,70,0.004052456802,0.004869643392,0.004241285889
2,2,02-03,18,64,31.14285714,0.0010131142,0.004794725802,0.001886939436
2,3,03-04,15,3,11.57142857,0.0008442618337,0.000224752772,0.0007011105244
2,4,04-05,63,9,47.57142857,0.003545899702,0.0006742583159,0.002882343267
2,5,05-06,245,115,207.8571429,0.01378960995,0.008615522925,0.01259402238
2,6,06-07,439,246,383.8571429,0.02470872967,0.0184297273,0.0232578269
2,7,07-08,914,411,770.2857143,0.05144368774,0.03079112976,0.04667145615
2,8,08-09,722,537,669.1428571,0.04063713626,0.04023074618,0.04054323082
2,9,09-10,590,657,609.1428571,0.03320763213,0.04922085706,0.03690784292
2,10,10-11,618,793,668,0.03478358755,0.05940964939,0.04047398534
2,11,11-12,1024,890,985.7142857,0.05763494118,0.06667665568,0.05972422986
2,12,12-13,1214,1035,1162.857143,0.06832892441,0.07753970632,0.07045727986
2,13,13-14,918,1132,979.1428571,0.05166882422,0.08480671262,0.05932606833
2,14,14-15,789,1280,929.2857143,0.04440817245,0.09589451603,0.05630523409
2,15,15-16,722,1152,844.8571429,0.04063713626,0.08630506443,0.05118972397
2,16,16-17,1395,1032,1291.285714,0.07851635054,0.07731495355,0.07823874112
2,17,17-18,2078,893,1739.428571,0.116958406,0.06690140845,0.1053916265
2,18,18-19,1807,787,1515.571429,0.1017054089,0.05896014384,0.09182816733
2,19,19-20,1596,678,1333.714286,0.08982945911,0.05079412646,0.08080947971
2,20,20-21,1095,533,934.4285714,0.06163111386,0.03993107582,0.05661683877
2,21,21-22,663,414,591.8571429,0.03731637305,0.03101588253,0.03586050497
2,22,22-23,434,311,398.8571429,0.02442730906,0.02329937069,0.02416667388
2,23,23-00,197,185,193.5714286,0.01108797208,0.01385975427,0.01172845383
3,0,00-01,64,122,80.57142857,0.004745662168,0.01090941608,0.006280903381
3,1,01-02,13,69,29,0.0009639626279,0.006170079585,0.002260679763
3,2,02-03,19,2,14.14285714,0.001408868456,0.0001788428865,0.001102498998
3,3,03-04,15,4,11.85714286,0.001112264571,0.000357685773,0.0009243173415
3,4,04-05,13,9,11.85714286,0.0009639626279,0.0008047929894,0.0009243173415
3,5,05-06,126,53,105.1428571,0.009343022394,0.004739336493,0.008196356185
3,6,06-07,310,170,270,0.02298680113,0.01520164535,0.02104770814
3,7,07-08,652,295,550,0.04834643334,0.02637932576,0.04287496102
3,8,08-09,537,434,507.5714286,0.03981907163,0.03880890638,0.03956746403
3,9,09-10,466,529,484,0.03455435266,0.04730394349,0.0377299657
3,10,10-11,482,670,535.7142857,0.0357407682,0.05991236699,0.04176132567
3,11,11-12,790,767,783.4285714,0.05857926739,0.06858624698,0.06107176266
3,12,12-13,904,920,908.5714286,0.06703247813,0.0822677278,0.07082720834
3,13,13-14,734,1008,812.2857143,0.05442681299,0.09013681481,0.06332130607
3,14,14-15,616,1159,771.1428571,0.04567699837,0.1036394527,0.06011403626
3,15,15-16,555,1004,683.2857143,0.04115378911,0.08977912904,0.05326517885
3,16,16-17,1088,920,1040,0.08067625686,0.0822677278,0.08107265357
3,17,17-18,1534,772,1316.285714,0.1137475901,0.0690333542,0.1026103613
3,18,18-19,1389,652,1178.428571,0.1029956992,0.05830278101,0.09186378012
3,19,19-20,1260,554,1058.285714,0.09343022394,0.04953947957,0.08249810682
3,20,20-21,853,435,733.5714286,0.06325077859,0.03889832782,0.05718517529
3,21,21-22,558,291,481.7142857,0.04137624203,0.02602163999,0.03755178404
3,22,22-23,375,227,332.7142857,0.02780661427,0.02029866762,0.02593656733
3,23,23-00,133,117,128.4285714,0.009862079193,0.01046230886,0.01001158181
4,0,00-01,189,182,187,0.009503218021,0.01158424034,0.01000290382
4,1,01-02,135,116,129.5714286,0.006788012872,0.007383361976,0.006930965445
4,2,02-03,73,56,68.14285714,0.003670555109,0.003564381643,0.00364506121
4,3,03-04,61,63,61.57142857,0.003067176187,0.004009929349,0.003293545873
4,4,04-05,16,1,11.71428571,0.0008045052293,6.36496722e-05,0.000626614296
4,5,05-06,307,185,272.1428571,0.01543644409,0.01177518936,0.01455731992
4,6,06-07,549,357,494.1428571,0.02760458568,0.02272293298,0.026432425
4,7,07-08,961,535,839.2857143,0.04832059533,0.03405257463,0.04489462182
4,8,08-09,852,649,794,0.04283990346,0.04130863726,0.04247222265
4,9,09-10,728,788,745.1428571,0.03660498793,0.0501559417,0.03985878253
4,10,10-11,791,910,825,0.03977272727,0.05792120171,0.04413045804
4,11,11-12,1159,1029,1121.857143,0.05827634755,0.0654955127,0.0600097813
4,12,12-13,1397,1124,1319,0.07024336283,0.07154223156,0.0705552414
4,13,13-14,1028,1253,1092.285714,0.05168946098,0.07975303927,0.05842796228
4,14,14-15,903,1396,1043.857143,0.04540426388,0.0888549424,0.05583744708
4,15,15-16,843,1266,963.8571429,0.04238736927,0.08058048501,0.05155812994
4,16,16-17,1561,1131,1438.142857,0.07848954143,0.07198777926,0.07692836729
4,17,17-18,1985,1027,1711.285714,0.09980893001,0.06536821335,0.09153917868
4,18,18-19,1810,919,1555.428571,0.09100965406,0.05849404876,0.08320215189
4,19,19-20,1627,760,1379.285714,0.0818081255,0.04837375088,0.07378001253
4,20,20-21,1269,666,1096.714286,0.063807321,0.04239068169,0.05866485305
4,21,21-22,787,559,721.8571429,0.03957160097,0.03558016676,0.03861319558
4,22,22-23,549,433,515.8571429,0.02760458568,0.02756030806,0.02759395394
4,23,23-00,308,306,307.4285714,0.01548672566,0.01947679969,0.01644480445
5,0,00-01,72,122,86.28571429,0.005347196435,0.006385762889,0.005723219785
5,1,01-02,9,62,24.14285714,0.0006683995544,0.003245223763,0.001601364476
5,2,02-03,8,0,5.714285714,0.0005941329372,0,0.0003790211778
5,3,03-04,14,0,10,0.00103973264,0,0.0006632870612
5,4,04-05,14,0,10,0.00103973264,0,0.0006632870612
5,5,05-06,125,178,140.1428571,0.009283327144,0.00931693274,0.009295494386
5,6,06-07,243,295,257.8571429,0.01804678797,0.01544098404,0.01710333065
5,7,07-08,432,478,445.1428571,0.03208317861,0.02501962837,0.02952574975
5,8,08-09,368,722,469.1428571,0.02733011511,0.03779115415,0.0311176387
5,9,09-10,483,1087,655.5714286,0.03587077609,0.0568961005,0.04348320462
5,10,10-11,601,1487,854.1428571,0.04463423691,0.077833028,0.05665419055
5,11,11-12,723,1694,1000.428571,0.0536947642,0.08866788799,0.0663571327
5,12,12-13,845,1808,1120.142857,0.0627552915,0.09463491233,0.07429762638
5,13,13-14,675,1725,975,0.05012996658,0.09029049987,0.06467048846
5,14,14-15,914,1616,1114.571429,0.06787968808,0.08458518712,0.07392808073
5,15,15-16,963,1490,1113.571429,0.07151875232,0.07799005496,0.07386175203
5,16,16-17,841,1331,981,0.06245822503,0.06966762628,0.0650684607
5,17,17-18,1085,1187,1114.142857,0.08057927961,0.06213033237,0.07389965414
5,18,18-19,1514,1093,1393.714286,0.1124396584,0.05721015441,0.09244326527
5,19,19-20,1327,910,1207.857143,0.09855180097,0.04763151008,0.08011560146
5,20,20-21,969,728,900.1428571,0.07196435202,0.03810520806,0.05970531103
5,21,21-22,615,551,596.7142857,0.04567396955,0.02884061764,0.03957928649
5,22,22-23,435,365,415,0.03230597846,0.01910494635,0.02752641304
5,23,23-00,190,176,186,0.01411065726,0.009212248103,0.01233713934
6,0,00-01,133,121,129.5714286,0.00723770135,0.009063670412,0.007648844662
6,1,01-02,79,55,72.14285714,0.004299085764,0.004119850187,0.004258728285
6,2,02-03,67,62,65.57142857,0.003646060078,0.004644194757,0.00387080452
6,3,03-04,12,0,8.571428571,0.0006530256857,0,0.000505987519
6,4,04-05,64,0,45.71428571,0.003482803657,0,0.002698600101
6,5,05-06,245,113,207.2857143,0.01333260775,0.008464419476,0.01223646483
6,6,06-07,487,297,432.7142857,0.02650195908,0.02224719101,0.02554393658
6,7,07-08,856,424,732.5714286,0.04658249891,0.03176029963,0.04324506662
6,8,08-09,793,535,719.2857143,0.04315411406,0.04007490637,0.04246078597
6,9,09-10,724,668,708,0.03939921637,0.05003745318,0.04179456907
6,10,10-11,724,772,737.7142857,0.03939921637,0.05782771536,0.04354865913
6,11,11-12,1093,906,1039.571429,0.0594797562,0.06786516854,0.06136785293
6,12,12-13,1267,1010,1193.571429,0.06894862865,0.07565543071,0.07045876202
6,13,13-14,979,1152,1028.428571,0.05327601219,0.08629213483,0.06071006915
6,14,14-15,842,1267,963.4285714,0.04582063561,0.09490636704,0.05687299713
6,15,15-16,790,1155,894.2857143,0.04299085764,0.08651685393,0.05279136448
6,16,16-17,1453,1023,1330.142857,0.07907052677,0.07662921348,0.07852082982
6,17,17-18,1746,896,1503.142857,0.09501523727,0.06711610487,0.08873334458
6,18,18-19,1762,795,1485.714286,0.09588593818,0.0595505618,0.08770450329
6,19,19-20,1568,655,1307.142857,0.0853286896,0.04906367041,0.07716309664
6,20,20-21,1243,547,1044.142857,0.06764257727,0.04097378277,0.06163771294
6,21,21-22,727,427,641.2857143,0.03956247279,0.03198501873,0.03785629954
6,22,22-23,481,297,428.4285714,0.02617544623,0.02224719101,0.02529094282
6,23,23-00,241,173,221.5714286,0.01311493252,0.0129588015,0.01307977737
7,0,00-01,62,59,61.14285714,0.00880932083,0.007502543235,0.008405671865
7,1,01-02,13,0,9.285714286,0.001847115658,0,0.001276562316
7,2,02-03,8,0,5.714285714,0.001136686559,0,0.0007855768098
7,3,03-04,11,0,7.857142857,0.001562944018,0,0.001080168113
7,4,04-05,11,0,7.857142857,0.001562944018,0,0.001080168113
7,5,05-06,108,118,110.8571429,0.01534526854,0.01500508647,0.01524019011
7,6,06-07,160,176,164.5714286,0.02273373117,0.02238046796,0.02262461212
7,7,07-08,305,306,305.2857143,0.04333617505,0.03891149542,0.04196944106
7,8,08-09,241,422,292.7142857,0.03424268258,0.05366225839,0.04024117208
7,9,09-10,319,547,384.1428571,0.04532537653,0.06955747711,0.05281040104
7,10,10-11,370,675,457.1428571,0.05257175334,0.08583418108,0.06284614478
7,11,11-12,492,794,578.2857143,0.06990622336,0.1009664293,0.07950037315
7,12,12-13,555,894,651.8571429,0.07885763001,0.1136826043,0.08961467457
7,13,13-14,429,855,550.7142857,0.06095481671,0.108723296,0.07570996504
7,14,14-15,377,729,477.5714286,0.05356635408,0.09270091556,0.06565458188
7,15,15-16,317,589,394.7142857,0.04504120489,0.0748982706,0.05426371814
7,16,16-17,552,465,527.1428571,0.07843137255,0.05913021363,0.0724694607
7,17,17-18,727,351,619.5714286,0.103296391,0.04463377416,0.0851761656
7,18,18-19,602,286,511.7142857,0.08553566354,0.03636826043,0.07034840332
7,19,19-20,483,250,416.4285714,0.06862745098,0.03179043744,0.05724891001
7,20,20-21,377,176,319.5714286,0.05356635408,0.02238046796,0.04393338309
7,21,21-22,245,107,205.5714286,0.03481102586,0.01360630722,0.02826112573
7,22,22-23,197,65,159.2857143,0.02799090651,0.008265513733,0.02189795357
7,23,23-00,77,0,55,0.01094060813,0,0.007561176794
8,0,00-01,22,0,15.71428571,0.002309953801,0,0.001859050194
8,1,01-02,12,0,8.571428571,0.001259974801,0,0.001014027379
8,2,02-03,13,0,9.285714286,0.001364972701,0,0.00109852966
8,3,03-04,13,0,9.285714286,0.001364972701,0,0.00109852966
8,4,04-05,23,0,16.42857143,0.002414951701,0,0.001943552476
8,5,05-06,65,56,62.42857143,0.006824863503,0.009696969697,0.007385499408
8,6,06-07,241,125,207.8571429,0.02530449391,0.02164502165,0.02459016393
8,7,07-08,481,235,410.7142857,0.05050398992,0.04069264069,0.0485888119
8,8,08-09,680,367,590.5714286,0.07139857203,0.06354978355,0.0698664864
8,9,09-10,794,478,703.7142857,0.08336833263,0.08277056277,0.08325164779
8,10,10-11,739,611,702.4285714,0.07759344813,0.1058008658,0.08309954369
8,11,11-12,607,538,587.2857143,0.06373372533,0.09316017316,0.0694777759
8,12,12-13,532,473,515.1428571,0.05585888282,0.0819047619,0.06094304546
8,13,13-14,431,409,424.7142857,0.04525409492,0.07082251082,0.05024505662
8,14,14-15,377,356,371,0.03958420832,0.06164502165,0.04389048504
8,15,15-16,486,304,434,0.05102897942,0.05264069264,0.05134358628
8,16,16-17,665,230,540.7142857,0.06982360353,0.03982683983,0.06396822714
8,17,17-18,992,364,812.5714286,0.1041579168,0.06303030303,0.0961297955
8,18,18-19,798,471,704.5714286,0.08378832423,0.08155844156,0.08335305053
8,19,19-20,551,350,493.5714286,0.05785384292,0.06060606061,0.05839107656
8,20,20-21,436,233,378,0.04577908442,0.04034632035,0.0447186074
8,21,21-22,316,127,262,0.03317933641,0.02199134199,0.03099543688
8,22,22-23,181,48,143,0.01900461991,0.008311688312,0.01691735677
8,23,23-00,69,0,49.28571429,0.007244855103,0,0.005830657428
9,0,00-01,56,178,90.85714286,0.004810170074,0.007658878706,0.006074962748
9,1,01-02,17,118,45.85714286,0.001460230201,0.005077234198,0.003066136859
9,2,02-03,8,58,22.28571429,0.0006871671534,0.002495589691,0.001490085202
9,3,03-04,9,0,6.428571429,0.0007730630476,0,0.0004298322699
9,4,04-05,16,0,11.42857143,0.001374334307,0,0.0007641462576
9,5,05-06,105,242,144.1428571,0.009019068889,0.01041263285,0.009637794674
9,6,06-07,169,419,240.4285714,0.01451640612,0.01802848414,0.01607572689
9,7,07-08,243,716,378.1428571,0.02087270228,0.03080762446,0.0252836893
9,8,08-09,319,1084,537.5714286,0.02740079024,0.04664171077,0.03594352959
9,9,09-10,427,1501,733.8571429,0.03667754681,0.0645841401,0.04906774157
9,10,10-11,549,1915,939.2857143,0.0471568459,0.0823974872,0.06280327055
9,11,11-12,661,2095,1070.714286,0.05677718605,0.09014242072,0.07159095251
9,12,12-13,788,2285,1215.714286,0.06768596461,0.09831762833,0.08128605815
9,13,13-14,727,2156,1135.285714,0.06244631507,0.09276709264,0.07590837886
9,14,14-15,858,2038,1195.142857,0.0736986772,0.08768985844,0.07991059489
9,15,15-16,908,1806,1164.571429,0.07799347191,0.07770749968,0.07786650365
9,16,16-17,781,1549,1000.428571,0.06708469335,0.0666494557,0.06689145302
9,17,17-18,971,1312,1068.428571,0.08340491325,0.0564519599,0.07143812326
9,18,18-19,1218,1091,1181.714286,0.1046211991,0.04694290263,0.07901272304
9,19,19-20,1090,888,1032.285714,0.09362652465,0.03820833871,0.06902151072
9,20,20-21,783,725,766.4285714,0.06725648514,0.03119487113,0.0512455584
9,21,21-22,487,528,498.7142857,0.04183130046,0.02271847167,0.03334543232
9,22,22-23,316,352,326.2857143,0.02714310256,0.01514564778,0.02181637565
9,23,23-00,136,185,150,0.01168184161,0.007960070565,0.01002941963
10,0,00-01,77,115,87.85714286,0.008080596075,0.01268615554,0.009350057013
10,1,01-02,9,56,22.42857143,0.0009444852555,0.006177606178,0.002386925124
10,2,02-03,61,0,43.57142857,0.006401511176,0,0.004637020144
10,3,03-04,21,0,15,0.00220379893,0,0.001596351197
10,4,04-05,19,0,13.57142857,0.001993913317,0,0.00144431775
10,5,05-06,185,115,165,0.01941441914,0.01268615554,0.01755986317
10,6,06-07,305,236,285.2857143,0.03200755588,0.02603419746,0.03036107944
10,7,07-08,429,363,410.1428571,0.04502046385,0.04004412576,0.04364880274
10,8,08-09,369,474,399,0.03872389548,0.05228902372,0.04246294185
10,9,09-10,423,603,474.4285714,0.04439080701,0.06651958081,0.05049030787
10,10,10-11,499,716,561,0.05236646028,0.07898510756,0.05970353478
10,11,11-12,616,846,681.7142857,0.0646447686,0.09332597904,0.07255036108
10,12,12-13,736,952,797.7142857,0.07723790534,0.105019305,0.084895477
10,13,13-14,543,902,645.5714286,0.05698394375,0.09950358522,0.06870391486
10,14,14-15,481,772,564.1428571,0.05047748977,0.08516271373,0.06003800836
10,15,15-16,431,669,499,0.04523034946,0.07380033094,0.05310528316
10,16,16-17,677,546,639.5714286,0.07104627978,0.06023166023,0.06806537438
10,17,17-18,908,426,770.2857143,0.095288068,0.04699393271,0.08197643482
10,18,18-19,784,372,666.2857143,0.08227516004,0.04103695532,0.07090839985
10,19,19-20,666,303,562.2857143,0.06989190891,0.033425262,0.05984036488
10,20,20-21,548,232,457.7142857,0.05750865778,0.02559293988,0.04871151653
10,21,21-22,363,184,311.8571429,0.03809423864,0.02029784887,0.03318890156
10,22,22-23,256,128,219.4285714,0.02686535838,0.01412024269,0.02335233751
10,23,23-00,123,55,103.5714286,0.01290796516,0.006067291782,0.01102242493
