供应商ID,材料类别,第1周,第2周,第3周,第4周,第5周,第6周,第7周,第8周,第9周,第10周,第11周,第12周,第13周,第14周,第15周,第16周,第17周,第18周,第19周,第20周,第21周,第22周,第23周,第24周,订货次数,最低次数,订货量Q,可生产产品
S229,A,1,1,1,1,1,1,1,1,1,1,1,1,1,1,1,1,1,1,1,1,1,1,1,1,24,24,1231,2052
S361,C,1,1,1,1,1,1,1,1,1,1,1,1,1,1,1,1,1,1,1,1,1,1,1,1,24,24,1152,1600
S108,B,1,1,1,1,1,1,1,1,1,1,1,1,1,1,1,1,1,1,1,1,1,1,1,1,24,24,971,1471
S140,B,1,1,1,1,1,1,1,1,1,1,1,1,1,1,1,1,1,1,1,1,1,1,1,1,24,22,1261,1911
S282,A,1,1,1,1,1,1,1,1,1,1,1,1,1,1,1,1,1,1,1,1,1,1,1,1,24,24,584,973
S340,B,1,1,1,1,1,1,1,1,1,1,1,1,1,1,1,1,1,1,1,1,1,1,1,1,24,24,589,892
S151,C,1,1,1,1,1,1,1,1,1,1,1,1,1,1,1,1,1,1,1,1,1,1,1,1,24,24,782,1086
S275,A,1,1,1,1,1,1,1,1,1,1,1,1,1,1,1,1,1,1,1,1,1,1,1,1,24,24,541,902
S329,A,1,1,1,1,1,1,1,1,1,1,1,1,1,1,1,1,1,1,1,1,1,1,1,1,24,24,537,895
S395,A,1,1,1,1,1,1,1,1,1,1,1,1,1,1,1,1,1,1,1,1,1,1,1,1,24,9,953,1588
S139,B,1,1,1,1,1,1,1,1,1,1,1,1,1,1,1,1,1,1,1,1,1,1,1,1,24,23,561,850
S356,C,1,1,1,1,1,1,1,1,1,1,1,1,1,1,1,1,1,1,1,1,1,1,1,1,24,24,469,651
S131,B,1,1,1,1,1,1,1,1,1,1,1,1,1,1,1,1,1,1,1,1,1,1,1,1,24,24,480,727
S268,C,1,1,1,1,1,1,1,1,1,1,1,1,1,1,1,1,1,1,1,1,1,1,1,1,24,24,444,617
S330,B,1,1,1,1,1,1,1,1,1,1,1,1,1,1,1,1,1,1,1,1,1,1,1,1,24,24,578,876
S308,B,1,1,1,1,1,1,1,1,1,1,1,1,1,1,1,1,1,1,1,1,1,1,1,1,24,24,647,980
S306,C,1,1,1,1,1,1,1,1,1,1,1,1,1,1,1,1,1,1,1,1,1,1,1,1,24,24,432,600
S194,C,1,1,1,1,1,1,1,1,1,1,1,1,1,1,1,1,1,1,1,1,1,1,1,1,24,24,348,483
S307,A,1,1,1,1,1,1,1,1,1,1,1,0,0,1,1,0,1,1,0,0,1,0,1,1,18,18,475,792
S352,A,1,1,1,1,1,1,1,1,1,1,1,1,1,1,1,1,1,1,1,1,1,1,1,1,24,24,303,505
S348,A,1,1,1,1,1,1,1,1,1,1,1,1,1,1,1,1,1,1,1,1,1,1,1,1,24,20,489,815
S143,A,1,1,1,1,1,1,1,1,1,1,1,1,1,1,1,1,1,1,1,1,1,1,1,1,24,24,331,552
S037,C,0,1,1,1,1,0,0,1,1,1,0,1,1,0,0,1,1,1,1,1,1,1,1,0,17,17,379,526
S374,C,1,1,1,1,1,1,1,1,1,1,1,1,1,1,1,1,1,1,1,1,1,1,1,1,24,24,135,188
S247,C,1,1,1,1,1,1,1,1,1,1,1,1,1,1,1,1,1,1,1,1,1,1,1,1,24,24,192,267
S284,C,1,1,1,1,1,1,1,1,1,1,1,1,1,1,1,1,1,1,1,1,1,1,1,1,24,24,159,221
S126,C,1,1,1,1,1,1,1,1,1,1,1,1,1,1,1,1,1,1,1,1,1,1,1,1,24,10,902,1253
S365,C,1,1,1,1,1,1,1,1,1,1,1,1,1,1,1,1,1,1,1,1,1,1,1,1,24,24,141,196
S031,B,1,1,1,1,1,1,1,1,1,1,1,1,1,1,1,1,1,1,1,1,1,1,1,1,24,24,138,209
S338,B,1,1,1,1,1,1,1,0,1,0,0,1,1,1,1,1,1,1,1,1,1,1,1,1,21,21,133,202
S364,B,1,1,1,1,1,1,1,1,1,1,1,1,1,1,1,1,1,1,1,1,1,1,1,1,24,24,98,148
S178,A,0,0,0,0,0,0,0,0,0,0,0,1,1,0,0,1,0,0,1,1,0,1,0,0,6,5,3,5
S053,A,0,0,0,0,0,0,0,0,0,0,0,1,0,0,0,1,0,0,1,1,0,0,0,0,4,4,2,3
S218,C,1,1,1,1,1,1,1,1,1,1,1,1,1,1,1,1,1,1,1,1,1,1,1,1,24,24,50,69
S067,C,0,1,0,1,1,1,1,1,0,1,1,0,1,0,1,1,1,0,1,1,1,1,1,0,17,17,1,1
S174,B,1,0,0,0,1,0,0,1,1,0,0,1,1,0,1,1,1,1,1,0,0,1,0,1,13,13,2,3
S040,B,1,1,1,1,1,1,1,1,1,1,1,1,1,1,1,1,1,1,1,1,1,1,1,1,24,24,109,165
S362,C,0,0,0,0,0,1,0,0,0,0,0,0,1,0,1,1,0,0,0,1,1,1,0,0,7,7,1,1
S239,C,0,1,0,0,1,1,1,1,0,1,0,1,1,0,0,1,0,0,1,1,1,1,1,1,15,15,3,4
S342,C,0,0,0,0,0,0,0,0,0,0,0,1,1,0,0,1,0,0,1,1,0,1,0,0,6,4,4,6
S379,C,0,0,0,0,0,0,0,0,0,0,0,1,1,0,0,1,0,0,1,1,0,1,0,0,6,4,5,7
S055,B,1,1,1,1,1,1,1,1,1,1,1,1,1,1,1,1,1,1,1,1,1,1,1,1,24,24,112,170
S294,C,1,1,1,1,1,1,1,1,1,1,1,1,1,1,1,1,1,1,1,1,1,1,1,1,24,24,62,86
S175,B,0,1,0,0,0,0,0,1,1,1,0,1,1,1,1,1,1,1,1,1,1,1,0,0,15,15,2,3
S221,A,0,0,0,0,1,0,0,0,0,0,1,1,1,1,1,1,1,0,1,1,0,1,1,1,13,13,2,3
S080,C,1,1,1,1,1,1,1,1,1,1,1,1,1,1,1,1,1,1,1,1,1,1,1,1,24,24,63,88
S237,A,1,0,0,1,0,1,0,1,0,1,0,1,1,0,1,1,0,0,1,1,0,1,1,0,13,13,2,3
S367,B,1,1,1,1,1,1,1,1,1,1,1,1,1,1,1,1,1,1,1,1,1,1,1,1,24,24,95,144
S213,C,1,0,0,0,1,1,1,1,0,0,0,1,1,1,0,1,1,1,1,1,1,1,1,1,17,17,1,1
S114,A,1,1,1,1,1,1,1,1,1,1,1,1,1,1,1,1,1,1,1,1,1,1,1,1,24,24,51,85
S005,A,1,0,0,0,0,0,0,1,0,0,1,1,1,1,1,1,0,0,1,1,0,1,0,1,12,12,48,80
S244,C,1,1,1,1,1,1,1,1,1,1,1,1,1,1,1,1,1,1,1,1,1,1,1,1,24,24,61,85
S346,B,1,1,1,1,1,1,1,1,1,1,1,1,1,1,1,1,1,1,1,1,1,1,1,1,24,24,86,130
S169,B,1,0,0,1,0,1,0,1,0,1,0,1,1,0,1,0,0,0,1,1,0,1,1,1,13,13,2,3
S076,C,1,1,0,1,1,1,1,0,1,1,1,1,1,1,1,1,1,0,1,1,1,1,1,1,21,21,1,1
